id,label
1,67
2,38
3,74
4,12
5,74
6,55
7,190
8,1
9,164
10,173
11,84
12,180
13,188
14,158
15,61
16,110
17,135
18,146
19,148
20,27
21,94
22,12
23,120
24,7
25,9
26,61
27,58
28,3
29,181
30,197
31,45
32,102
33,136
34,30
35,89
36,167
37,149
38,14
39,21
40,160
41,11
42,193
43,111
44,64
45,174
46,123
47,75
48,76
49,160
50,6
51,104
52,11
53,141
54,70
55,147
56,7
57,69
58,51
59,70
60,107
61,121
62,70
63,105
64,85
65,34
66,77
67,142
68,154
69,42
70,189
71,183
72,47
73,123
74,92
75,191
76,20
77,45
78,101
79,131
80,188
81,155
82,44
83,42
84,77
85,41
86,85
87,12
88,73
89,185
90,173
91,68
92,128
93,77
94,167
95,82
96,20
97,120
98,101
99,151
100,107
101,137
102,109
103,193
104,45
105,72
106,112
107,200
108,189
109,109
110,154
111,10
112,133
113,187
114,103
115,102
116,86
117,106
118,197
119,72
120,149
121,130
122,136
123,148
124,7
125,200
126,39
127,28
128,103
129,86
130,200
131,131
132,62
133,196
134,97
135,43
136,197
137,60
138,135
139,185
140,10
141,34
142,139
143,173
144,20
145,93
146,51
147,27
148,134
149,163
150,74
151,130
152,61
153,181
154,159
155,94
156,87
157,179
158,12
159,45
160,159
161,78
162,159
163,114
164,39
165,35
166,75
167,178
168,96
169,123
170,54
171,84
172,35
173,69
174,188
175,37
176,125
177,174
178,199
179,150
180,8
181,172
182,150
183,59
184,198
185,173
186,119
187,22
188,73
189,9
190,99
191,186
192,82
193,78
194,196
195,139
196,198
197,195
198,66
199,182
200,188
201,97
202,10
203,173
204,164
205,33
206,125
207,84
208,153
209,93
210,169
211,133
212,73
213,77
214,16
215,146
216,64
217,171
218,5
219,174
220,79
221,158
222,11
223,35
224,39
225,75
226,129
227,53
228,87
229,170
230,115
231,34
232,53
233,40
234,121
235,26
236,13
237,184
238,195
239,22
240,167
241,28
242,87
243,53
244,123
245,160
246,186
247,7
248,10
249,41
250,69
251,20
252,5
253,58
254,50
255,111
256,140
257,129
258,176
259,98
260,152
261,123
262,132
263,43
264,90
265,61
266,99
267,42
268,130
269,28
270,71
271,25
272,129
273,93
274,6
275,74
276,72
277,60
278,184
279,46
280,186
281,126
282,58
283,41
284,21
285,1
286,4
287,46
288,4
289,198
290,56
291,45
292,179
293,198
294,47
295,183
296,112
297,36
298,119
299,128
300,177
301,135
302,28
303,109
304,20
305,106
306,18
307,100
308,29
309,160
310,100
311,11
312,135
313,18
314,198
315,19
316,196
317,147
318,137
319,82
320,181
321,143
322,28
323,139
324,124
325,115
326,171
327,185
328,111
329,177
330,14
331,21
332,28
333,172
334,73
335,87
336,87
337,145
338,53
339,79
340,98
341,137
342,61
343,4
344,156
345,161
346,194
347,148
348,92
349,121
350,22
351,154
352,87
353,19
354,33
355,64
356,184
357,186
358,42
359,131
360,6
361,173
362,23
363,108
364,50
365,3
366,68
367,31
368,188
369,51
370,87
371,67
372,19
373,40
374,50
375,136
376,99
377,31
378,109
379,9
380,139
381,74
382,33
383,77
384,53
385,166
386,137
387,36
388,93
389,42
390,104
391,75
392,175
393,177
394,192
395,42
396,48
397,56
398,17
399,169
400,159
401,39
402,108
403,172
404,155
405,135
406,59
407,46
408,177
409,147
410,5
411,126
412,187
413,154
414,71
415,23
416,119
417,98
418,181
419,100
420,93
421,10
422,138
423,65
424,8
425,194
426,22
427,182
428,33
429,70
430,126
431,73
432,163
433,31
434,9
435,41
436,46
437,95
438,8
439,176
440,65
441,29
442,17
443,131
444,37
445,107
446,17
447,148
448,46
449,200
450,27
451,155
452,54
453,112
454,23
455,113
456,196
457,68
458,106
459,136
460,4
461,181
462,89
463,130
464,49
465,162
466,82
467,196
468,121
469,99
470,28
471,29
472,31
473,170
474,65
475,74
476,74
477,89
478,14
479,35
480,133
481,34
482,44
483,187
484,157
485,115
486,61
487,50
488,18
489,116
490,194
491,144
492,166
493,190
494,156
495,68
496,131
497,78
498,84
499,169
500,40
501,41
502,154
503,70
504,58
505,197
506,52
507,131
508,96
509,110
510,154
511,180
512,58
513,51
514,6
515,12
516,19
517,99
518,83
519,94
520,155
521,141
522,94
523,191
524,81
525,50
526,89
527,6
528,105
529,155
530,73
531,200
532,73
533,9
534,147
535,110
536,106
537,191
538,136
539,83
540,143
541,124
542,45
543,12
544,1
545,118
546,62
547,33
548,12
549,146
550,57
551,26
552,78
553,196
554,111
555,136
556,136
557,145
558,146
559,167
560,104
561,91
562,9
563,64
564,98
565,196
566,29
567,89
568,179
569,72
570,135
571,154
572,193
573,188
574,82
575,112
576,63
577,140
578,91
579,124
580,120
581,29
582,150
583,114
584,101
585,38
586,89
587,64
588,199
589,10
590,24
591,158
592,111
593,92
594,85
595,66
596,11
597,15
598,155
599,60
600,39
601,50
602,12
603,49
604,190
605,26
606,42
607,53
608,191
609,85
610,65
611,90
612,32
613,113
614,116
615,15
616,24
617,172
618,122
619,98
620,50
621,169
622,68
623,152
624,7
625,63
626,128
627,139
628,169
629,187
630,94
631,4
632,35
633,187
634,44
635,61
636,107
637,48
638,134
639,66
640,152
641,102
642,111
643,122
644,174
645,158
646,61
647,17
648,48
649,126
650,22
651,11
652,191
653,168
654,128
655,184
656,176
657,162
658,34
659,119
660,195
661,6
662,162
663,172
664,200
665,34
666,151
667,75
668,53
669,181
670,144
671,29
672,77
673,122
674,92
675,176
676,173
677,165
678,110
679,113
680,136
681,38
682,52
683,19
684,116
685,199
686,142
687,110
688,19
689,182
690,105
691,37
692,83
693,150
694,30
695,37
696,37
697,150
698,38
699,57
700,53
701,4
702,180
703,23
704,95
705,61
706,175
707,49
708,64
709,40
710,119
711,47
712,7
713,83
714,189
715,34
716,157
717,158
718,34
719,121
720,49
721,62
722,102
723,111
724,84
725,39
726,63
727,74
728,95
729,159
730,145
731,103
732,96
733,28
734,43
735,54
736,65
737,33
738,134
739,138
740,127
741,23
742,47
743,76
744,95
745,137
746,174
747,46
748,173
749,8
750,5
751,172
752,177
753,54
754,97
755,127
756,44
757,190
758,36
759,98
760,133
761,76
762,155
763,93
764,163
765,117
766,187
767,117
768,160
769,145
770,15
771,107
772,11
773,29
774,130
775,143
776,44
777,181
778,102
779,167
780,184
781,192
782,39
783,114
784,136
785,129
786,17
787,109
788,187
789,171
790,90
791,65
792,67
793,101
794,72
795,20
796,89
797,5
798,28
799,33
800,159
801,69
802,48
803,176
804,166
805,91
806,42
807,11
808,192
809,110
810,190
811,129
812,121
813,72
814,189
815,169
816,84
817,51
818,139
819,64
820,112
821,9
822,155
823,142
824,41
825,93
826,200
827,96
828,58
829,24
830,190
831,116
832,19
833,91
834,168
835,62
836,101
837,184
838,84
839,114
840,52
841,158
842,150
843,44
844,125
845,145
846,5
847,10
848,93
849,154
850,178
851,135
852,132
853,14
854,174
855,19
856,14
857,107
858,102
859,164
860,42
861,186
862,94
863,5
864,9
865,70
866,31
867,79
868,161
869,103
870,7
871,170
872,90
873,54
874,89
875,9
876,184
877,123
878,63
879,158
880,9
881,124
882,11
883,41
884,59
885,152
886,148
887,184
888,131
889,191
890,13
891,15
892,117
893,138
894,148
895,67
896,118
897,102
898,163
899,19
900,72
901,157
902,157
903,128
904,39
905,85
906,176
907,100
908,19
909,167
910,116
911,58
912,25
913,68
914,192
915,3
916,151
917,5
918,37
919,97
920,44
921,104
922,156
923,196
924,109
925,13
926,78
927,143
928,141
929,58
930,148
931,107
932,24
933,129
934,13
935,95
936,9
937,27
938,169
939,174
940,11
941,194
942,4
943,157
944,162
945,191
946,137
947,78
948,152
949,113
950,176
951,73
952,48
953,38
954,160
955,71
956,108
957,77
958,186
959,85
960,29
961,81
962,71
963,1
964,182
965,55
966,30
967,23
968,183
969,52
970,36
971,37
972,177
973,186
974,155
975,45
976,178
977,174
978,198
979,74
980,117
981,116
982,39
983,157
984,104
985,102
986,6
987,19
988,132
989,161
990,168
991,143
992,1
993,23
994,118
995,96
996,89
997,22
998,37
999,83
1000,10
1001,32
1002,107
1003,25
1004,161
1005,147
1006,136
1007,53
1008,174
1009,41
1010,188
1011,86
1012,21
1013,50
1014,195
1015,120
1016,65
1017,168
1018,52
1019,193
1020,53
1021,141
1022,169
1023,9
1024,143
1025,148
1026,156
1027,182
1028,177
1029,94
1030,28
1031,193
1032,27
1033,129
1034,76
1035,190
1036,8
1037,71
1038,48
1039,29
1040,188
1041,23
1042,28
1043,143
1044,80
1045,130
1046,143
1047,158
1048,93
1049,49
1050,138
1051,180
1052,98
1053,26
1054,132
1055,171
1056,63
1057,82
1058,17
1059,116
1060,37
1061,167
1062,2
1063,189
1064,89
1065,68
1066,80
1067,113
1068,34
1069,96
1070,72
1071,48
1072,184
1073,134
1074,39
1075,118
1076,129
1077,33
1078,187
1079,140
1080,70
1081,57
1082,200
1083,138
1084,101
1085,73
1086,119
1087,60
1088,4
1089,109
1090,141
1091,31
1092,54
1093,76
1094,158
1095,47
1096,175
1097,109
1098,81
1099,130
1100,182
1101,135
1102,32
1103,14
1104,50
1105,16
1106,95
1107,57
1108,15
1109,151
1110,86
1111,4
1112,129
1113,171
1114,74
1115,76
1116,66
1117,88
1118,110
1119,137
1120,173
1121,21
1122,198
1123,116
1124,155
1125,195
1126,150
1127,129
1128,150
1129,172
1130,17
1131,61
1132,160
1133,102
1134,68
1135,146
1136,17
1137,122
1138,118
1139,150
1140,76
1141,50
1142,51
1143,67
1144,125
1145,85
1146,55
1147,12
1148,137
1149,81
1150,132
1151,113
1152,77
1153,83
1154,159
1155,105
1156,92
1157,115
1158,98
1159,7
1160,152
1161,37
1162,167
1163,60
1164,93
1165,23
1166,112
1167,115
1168,60
1169,68
1170,100
1171,156
1172,23
1173,46
1174,19
1175,132
1176,132
1177,124
1178,80
1179,146
1180,148
1181,73
1182,163
1183,114
1184,3
1185,138
1186,146
1187,176
1188,10
1189,138
1190,191
1191,128
1192,83
1193,172
1194,80
1195,156
1196,37
1197,185
1198,5
1199,35
1200,75
1201,182
1202,178
1203,5
1204,68
1205,46
1206,112
1207,99
1208,172
1209,42
1210,53
1211,122
1212,99
1213,176
1214,164
1215,103
1216,80
1217,3
1218,168
1219,90
1220,149
1221,178
1222,109
1223,170
1224,107
1225,62
1226,20
1227,11
1228,111
1229,134
1230,10
1231,23
1232,2
1233,134
1234,155
1235,121
1236,63
1237,118
1238,98
1239,65
1240,13
1241,23
1242,66
1243,108
1244,119
1245,98
1246,19
1247,144
1248,173
1249,116
1250,120
1251,104
1252,114
1253,154
1254,184
1255,4
1256,44
1257,94
1258,13
1259,169
1260,125
1261,140
1262,44
1263,118
1264,166
1265,12
1266,29
1267,199
1268,171
1269,194
1270,132
1271,85
1272,7
1273,129
1274,2
1275,170
1276,7
1277,150
1278,91
1279,186
1280,101
1281,126
1282,65
1283,168
1284,180
1285,164
1286,142
1287,146
1288,132
1289,162
1290,102
1291,1
1292,96
1293,16
1294,47
1295,128
1296,6
1297,64
1298,142
1299,5
1300,137
1301,190
1302,18
1303,7
1304,194
1305,168
1306,1
1307,78
1308,136
1309,11
1310,175
1311,194
1312,6
1313,132
1314,82
1315,120
1316,24
1317,96
1318,177
1319,171
1320,89
1321,127
1322,75
1323,49
1324,188
1325,64
1326,152
1327,106
1328,1
1329,64
1330,132
1331,183
1332,121
1333,188
1334,162
1335,180
1336,118
1337,5
1338,184
1339,197
1340,39
1341,156
1342,2
1343,76
1344,152
1345,199
1346,109
1347,120
1348,2
1349,12
1350,120
1351,163
1352,7
1353,113
1354,130
1355,71
1356,25
1357,41
1358,134
1359,33
1360,187
1361,133
1362,15
1363,23
1364,78
1365,55
1366,74
1367,96
1368,110
1369,102
1370,104
1371,127
1372,94
1373,72
1374,56
1375,75
1376,82
1377,73
1378,7
1379,174
1380,8
1381,189
1382,179
1383,20
1384,81
1385,84
1386,122
1387,26
1388,9
1389,130
1390,113
1391,123
1392,52
1393,66
1394,86
1395,199
1396,142
1397,163
1398,189
1399,99
1400,147
1401,61
1402,79
1403,87
1404,167
1405,122
1406,111
1407,28
1408,129
1409,10
1410,58
1411,185
1412,55
1413,64
1414,101
1415,35
1416,162
1417,85
1418,197
1419,66
1420,193
1421,180
1422,171
1423,13
1424,47
1425,88
1426,175
1427,1
1428,172
1429,46
1430,24
1431,180
1432,27
1433,137
1434,170
1435,198
1436,126
1437,48
1438,57
1439,22
1440,79
1441,146
1442,196
1443,197
1444,162
1445,172
1446,66
1447,115
1448,15
1449,91
1450,62
1451,8
1452,90
1453,149
1454,19
1455,51
1456,48
1457,15
1458,192
1459,1
1460,81
1461,6
1462,34
1463,30
1464,190
1465,31
1466,82
1467,184
1468,192
1469,172
1470,36
1471,60
1472,157
1473,69
1474,150
1475,149
1476,57
1477,86
1478,95
1479,107
1480,60
1481,25
1482,9
1483,52
1484,60
1485,165
1486,197
1487,140
1488,130
1489,61
1490,45
1491,121
1492,155
1493,156
1494,83
1495,118
1496,142
1497,114
1498,115
1499,124
1500,132
1501,153
1502,69
1503,54
1504,34
1505,138
1506,137
1507,114
1508,164
1509,91
1510,87
1511,125
1512,161
1513,119
1514,29
1515,113
1516,127
1517,153
1518,200
1519,150
1520,109
1521,85
1522,92
1523,117
1524,107
1525,8
1526,45
1527,106
1528,123
1529,14
1530,60
1531,109
1532,11
1533,69
1534,169
1535,65
1536,116
1537,191
1538,173
1539,15
1540,56
1541,149
1542,103
1543,129
1544,160
1545,75
1546,103
1547,80
1548,189
1549,148
1550,177
1551,5
1552,82
1553,105
1554,83
1555,28
1556,167
1557,11
1558,134
1559,173
1560,27
1561,158
1562,81
1563,136
1564,141
1565,163
1566,84
1567,146
1568,193
1569,180
1570,14
1571,1
1572,13
1573,33
1574,59
1575,66
1576,21
1577,119
1578,175
1579,32
1580,3
1581,94
1582,39
1583,33
1584,138
1585,173
1586,14
1587,188
1588,111
1589,164
1590,53
1591,45
1592,82
1593,104
1594,40
1595,92
1596,24
1597,118
1598,68
1599,33
1600,18
1601,95
1602,9
1603,30
1604,200
1605,83
1606,108
1607,4
1608,80
1609,14
1610,131
1611,64
1612,159
1613,23
1614,126
1615,83
1616,159
1617,90
1618,79
1619,6
1620,111
1621,59
1622,59
1623,54
1624,15
1625,95
1626,156
1627,130
1628,23
1629,100
1630,121
1631,88
1632,68
1633,99
1634,64
1635,197
1636,76
1637,86
1638,139
1639,47
1640,99
1641,21
1642,195
1643,54
1644,130
1645,131
1646,90
1647,168
1648,2
1649,109
1650,94
1651,175
1652,3
1653,144
1654,140
1655,192
1656,122
1657,100
1658,91
1659,96
1660,118
1661,69
1662,1
1663,63
1664,166
1665,13
1666,56
1667,120
1668,147
1669,35
1670,42
1671,56
1672,29
1673,112
1674,78
1675,36
1676,91
1677,129
1678,5
1679,121
1680,126
1681,111
1682,85
1683,166
1684,160
1685,19
1686,127
1687,25
1688,72
1689,133
1690,34
1691,68
1692,119
1693,1
1694,33
1695,131
1696,134
1697,121
1698,185
1699,64
1700,195
1701,92
1702,90
1703,35
1704,42
1705,15
1706,134
1707,50
1708,58
1709,161
1710,138
1711,29
1712,184
1713,11
1714,45
1715,37
1716,93
1717,14
1718,54
1719,11
1720,139
1721,40
1722,163
1723,38
1724,181
1725,111
1726,34
1727,49
1728,103
1729,40
1730,186
1731,9
1732,47
1733,37
1734,147
1735,56
1736,39
1737,11
1738,145
1739,41
1740,105
1741,77
1742,75
1743,188
1744,36
1745,181
1746,41
1747,33
1748,59
1749,41
1750,59
1751,172
1752,157
1753,92
1754,132
1755,195
1756,36
1757,163
1758,129
1759,150
1760,144
1761,15
1762,47
1763,146
1764,96
1765,115
1766,142
1767,20
1768,119
1769,194
1770,45
1771,175
1772,157
1773,88
1774,169
1775,131
1776,173
1777,80
1778,31
1779,195
1780,164
1781,111
1782,109
1783,136
1784,44
1785,49
1786,145
1787,123
1788,82
1789,47
1790,17
1791,148
1792,116
1793,119
1794,74
1795,128
1796,108
1797,72
1798,97
1799,91
1800,57
1801,16
1802,33
1803,165
1804,157
1805,122
1806,174
1807,21
1808,192
1809,2
1810,74
1811,183
1812,143
1813,64
1814,166
1815,155
1816,18
1817,148
1818,116
1819,78
1820,185
1821,58
1822,188
1823,38
1824,194
1825,95
1826,14
1827,35
1828,172
1829,171
1830,154
1831,190
1832,14
1833,171
1834,55
1835,50
1836,154
1837,102
1838,100
1839,32
1840,79
1841,38
1842,131
1843,158
1844,171
1845,19
1846,29
1847,9
1848,3
1849,143
1850,99
1851,81
1852,115
1853,145
1854,131
1855,105
1856,99
1857,171
1858,193
1859,85
1860,123
1861,22
1862,46
1863,110
1864,83
1865,102
1866,108
1867,68
1868,140
1869,46
1870,162
1871,69
1872,73
1873,130
1874,119
1875,74
1876,32
1877,129
1878,67
1879,29
1880,131
1881,29
1882,173
1883,139
1884,186
1885,171
1886,105
1887,47
1888,176
1889,118
1890,149
1891,140
1892,45
1893,190
1894,142
1895,180
1896,124
1897,120
1898,8
1899,56
1900,34
1901,2
1902,76
1903,58
1904,198
1905,76
1906,158
1907,74
1908,122
1909,2
1910,140
1911,13
1912,126
1913,121
1914,118
1915,90
1916,41
1917,63
1918,19
1919,16
1920,26
1921,153
1922,139
1923,108
1924,37
1925,69
1926,118
1927,33
1928,11
1929,51
1930,17
1931,51
1932,76
1933,49
1934,64
1935,59
1936,198
1937,139
1938,16
1939,108
1940,84
1941,103
1942,55
1943,15
1944,188
1945,186
1946,124
1947,149
1948,9
1949,42
1950,192
1951,57
1952,9
1953,85
1954,136
1955,95
1956,100
1957,138
1958,180
1959,6
1960,57
1961,29
1962,128
1963,49
1964,85
1965,110
1966,140
1967,80
1968,182
1969,182
1970,38
1971,105
1972,63
1973,131
1974,33
1975,147
1976,106
1977,78
1978,34
1979,168
1980,79
1981,59
1982,24
1983,100
1984,114
1985,14
1986,110
1987,160
1988,21
1989,26
1990,98
1991,76
1992,185
1993,181
1994,124
1995,47
1996,29
1997,93
1998,184
1999,89
2000,50
2001,46
2002,60
2003,67
2004,131
2005,84
2006,53
2007,121
2008,198
2009,155
2010,175
2011,87
2012,148
2013,49
2014,60
2015,8
2016,145
2017,52
2018,3
2019,101
2020,56
2021,61
2022,66
2023,160
2024,110
2025,161
2026,170
2027,154
2028,125
2029,39
2030,120
2031,97
2032,103
2033,83
2034,200
2035,29
2036,61
2037,188
2038,122
2039,17
2040,3
2041,144
2042,149
2043,60
2044,173
2045,35
2046,81
2047,73
2048,152
2049,192
2050,79
2051,82
2052,136
2053,16
2054,122
2055,117
2056,87
2057,9
2058,186
2059,38
2060,84
2061,12
2062,67
2063,132
2064,120
2065,42
2066,43
2067,181
2068,178
2069,159
2070,189
2071,18
2072,152
2073,13
2074,161
2075,56
2076,22
2077,77
2078,154
2079,11
2080,191
2081,189
2082,169
2083,108
2084,170
2085,38
2086,199
2087,84
2088,84
2089,51
2090,21
2091,90
2092,134
2093,87
2094,19
2095,20
2096,63
2097,125
2098,47
2099,194
2100,150
2101,37
2102,78
2103,148
2104,52
2105,71
2106,129
2107,37
2108,126
2109,110
2110,44
2111,198
2112,45
2113,185
2114,140
2115,68
2116,102
2117,57
2118,70
2119,180
2120,154
2121,131
2122,35
2123,95
2124,10
2125,106
2126,48
2127,176
2128,171
2129,199
2130,188
2131,37
2132,26
2133,2
2134,51
2135,8
2136,89
2137,63
2138,34
2139,108
2140,130
2141,66
2142,173
2143,180
2144,157
2145,179
2146,167
2147,33
2148,57
2149,75
2150,146
2151,136
2152,88
2153,4
2154,30
2155,36
2156,26
2157,92
2158,29
2159,2
2160,86
2161,139
2162,80
2163,107
2164,156
2165,172
2166,92
2167,26
2168,139
2169,199
2170,25
2171,49
2172,99
2173,177
2174,180
2175,38
2176,13
2177,150
2178,26
2179,86
2180,1
2181,136
2182,118
2183,177
2184,52
2185,125
2186,101
2187,110
2188,17
2189,154
2190,26
2191,178
2192,27
2193,191
2194,167
2195,128
2196,98
2197,120
2198,178
2199,132
2200,156
2201,15
2202,50
2203,85
2204,77
2205,97
2206,41
2207,38
2208,199
2209,111
2210,149
2211,6
2212,151
2213,162
2214,120
2215,118
2216,141
2217,22
2218,105
2219,164
2220,4
2221,191
2222,100
2223,65
2224,133
2225,28
2226,56
2227,129
2228,71
2229,121
2230,125
2231,61
2232,37
2233,198
2234,87
2235,36
2236,52
2237,86
2238,60
2239,127
2240,188
2241,101
2242,33
2243,37
2244,17
2245,199
2246,185
2247,13
2248,88
2249,109
2250,156
2251,102
2252,131
2253,106
2254,96
2255,12
2256,152
2257,182
2258,94
2259,175
2260,90
2261,109
2262,153
2263,101
2264,60
2265,94
2266,146
2267,97
2268,195
2269,7
2270,161
2271,68
2272,195
2273,180
2274,24
2275,15
2276,113
2277,141
2278,130
2279,196
2280,152
2281,139
2282,69
2283,8
2284,71
2285,48
2286,125
2287,133
2288,130
2289,164
2290,196
2291,150
2292,141
2293,55
2294,29
2295,128
2296,1
2297,143
2298,159
2299,70
2300,187
2301,117
2302,154
2303,76
2304,16
2305,8
2306,93
2307,17
2308,87
2309,10
2310,94
2311,36
2312,102
2313,103
2314,75
2315,67
2316,87
2317,114
2318,114
2319,37
2320,152
2321,59
2322,127
2323,110
2324,182
2325,175
2326,192
2327,190
2328,131
2329,184
2330,89
2331,168
2332,19
2333,4
2334,46
2335,87
2336,18
2337,189
2338,102
2339,134
2340,176
2341,126
2342,159
2343,159
2344,41
2345,183
2346,88
2347,58
2348,37
2349,64
2350,20
2351,9
2352,52
2353,142
2354,20
2355,64
2356,111
2357,50
2358,128
2359,105
2360,166
2361,144
2362,20
2363,191
2364,177
2365,196
2366,192
2367,82
2368,58
2369,81
2370,119
2371,37
2372,54
2373,103
2374,60
2375,29
2376,185
2377,13
2378,171
2379,18
2380,29
2381,160
2382,94
2383,72
2384,53
2385,131
2386,182
2387,64
2388,13
2389,71
2390,190
2391,110
2392,150
2393,5
2394,70
2395,67
2396,88
2397,166
2398,106
2399,86
2400,156
2401,132
2402,23
2403,124
2404,36
2405,131
2406,150
2407,163
2408,118
2409,180
2410,79
2411,55
2412,11
2413,177
2414,30
2415,55
2416,8
2417,60
2418,27
2419,58
2420,93
2421,16
2422,43
2423,90
2424,91
2425,134
2426,57
2427,51
2428,181
2429,26
2430,104
2431,94
2432,154
2433,103
2434,171
2435,167
2436,171
2437,190
2438,105
2439,155
2440,21
2441,11
2442,95
2443,51
2444,172
2445,18
2446,189
2447,73
2448,194
2449,165
2450,66
2451,57
2452,64
2453,163
2454,29
2455,152
2456,157
2457,191
2458,51
2459,66
2460,76
2461,82
2462,187
2463,56
2464,14
2465,83
2466,162
2467,185
2468,152
2469,60
2470,38
2471,72
2472,117
2473,162
2474,34
2475,200
2476,140
2477,196
2478,78
2479,85
2480,150
2481,192
2482,47
2483,154
2484,44
2485,16
2486,157
2487,104
2488,101
2489,50
2490,149
2491,182
2492,148
2493,37
2494,12
2495,80
2496,136
2497,105
2498,159
2499,153
2500,199
2501,132
2502,86
2503,190
2504,3
2505,80
2506,25
2507,8
2508,107
2509,144
2510,149
2511,1
2512,169
2513,18
2514,140
2515,105
2516,79
2517,26
2518,155
2519,143
2520,154
2521,24
2522,184
2523,11
2524,23
2525,75
2526,130
2527,117
2528,172
2529,96
2530,127
2531,39
2532,177
2533,92
2534,131
2535,83
2536,153
2537,74
2538,57
2539,127
2540,69
2541,58
2542,5
2543,126
2544,154
2545,141
2546,88
2547,6
2548,112
2549,156
2550,181
2551,56
2552,172
2553,56
2554,122
2555,74
2556,169
2557,64
2558,103
2559,36
2560,111
2561,158
2562,191
2563,41
2564,164
2565,28
2566,189
2567,115
2568,72
2569,86
2570,89
2571,80
2572,177
2573,84
2574,169
2575,55
2576,183
2577,22
2578,146
2579,35
2580,106
2581,162
2582,22
2583,86
2584,67
2585,2
2586,161
2587,165
2588,23
2589,79
2590,184
2591,73
2592,13
2593,107
2594,131
2595,35
2596,163
2597,177
2598,196
2599,5
2600,3
2601,168
2602,137
2603,2
2604,197
2605,156
2606,8
2607,159
2608,176
2609,119
2610,172
2611,146
2612,6
2613,164
2614,72
2615,75
2616,82
2617,9
2618,33
2619,57
2620,14
2621,166
2622,58
2623,155
2624,63
2625,127
2626,175
2627,11
2628,138
2629,104
2630,28
2631,33
2632,85
2633,4
2634,162
2635,95
2636,192
2637,96
2638,134
2639,178
2640,35
2641,37
2642,32
2643,78
2644,173
2645,146
2646,196
2647,12
2648,81
2649,154
2650,68
2651,68
2652,29
2653,64
2654,63
2655,148
2656,151
2657,163
2658,174
2659,106
2660,76
2661,7
2662,194
2663,85
2664,90
2665,85
2666,188
2667,165
2668,18
2669,124
2670,61
2671,37
2672,85
2673,19
2674,141
2675,151
2676,18
2677,21
2678,147
2679,33
2680,61
2681,114
2682,93
2683,29
2684,96
2685,138
2686,164
2687,66
2688,117
2689,157
2690,20
2691,170
2692,70
2693,141
2694,56
2695,136
2696,51
2697,171
2698,130
2699,71
2700,114
2701,77
2702,62
2703,16
2704,150
2705,149
2706,96
2707,162
2708,146
2709,101
2710,189
2711,163
2712,186
2713,12
2714,41
2715,46
2716,195
2717,81
2718,89
2719,187
2720,81
2721,167
2722,194
2723,126
2724,80
2725,57
2726,170
2727,133
2728,13
2729,141
2730,119
2731,34
2732,70
2733,143
2734,33
2735,69
2736,83
2737,123
2738,60
2739,192
2740,79
2741,99
2742,18
2743,104
2744,87
2745,79
2746,35
2747,87
2748,69
2749,104
2750,14
2751,186
2752,150
2753,87
2754,187
2755,132
2756,121
2757,96
2758,194
2759,170
2760,82
2761,6
2762,159
2763,54
2764,105
2765,120
2766,67
2767,116
2768,79
2769,168
2770,91
2771,47
2772,53
2773,123
2774,20
2775,1
2776,27
2777,186
2778,172
2779,112
2780,86
2781,181
2782,81
2783,137
2784,24
2785,91
2786,191
2787,102
2788,176
2789,70
2790,29
2791,154
2792,108
2793,160
2794,79
2795,15
2796,166
2797,20
2798,193
2799,77
2800,135
2801,107
2802,198
2803,100
2804,19
2805,22
2806,25
2807,131
2808,90
2809,54
2810,32
2811,92
2812,25
2813,52
2814,101
2815,60
2816,151
2817,103
2818,138
2819,171
2820,158
2821,56
2822,195
2823,33
2824,75
2825,17
2826,16
2827,5
2828,81
2829,133
2830,91
2831,60
2832,37
2833,130
2834,68
2835,183
2836,171
2837,145
2838,171
2839,175
2840,166
2841,73
2842,144
2843,47
2844,124
2845,192
2846,197
2847,53
2848,110
2849,70
2850,189
2851,184
2852,50
2853,9
2854,188
2855,37
2856,94
2857,101
2858,33
2859,168
2860,30
2861,11
2862,56
2863,20
2864,92
2865,115
2866,34
2867,44
2868,199
2869,200
2870,108
2871,142
2872,63
2873,151
2874,131
2875,29
2876,177
2877,176
2878,39
2879,106
2880,75
2881,103
2882,185
2883,106
2884,195
2885,120
2886,5
2887,62
2888,193
2889,107
2890,24
2891,13
2892,27
2893,61
2894,151
2895,39
2896,25
2897,147
2898,163
2899,3
2900,187
2901,31
2902,157
2903,115
2904,157
2905,127
2906,168
2907,65
2908,68
2909,186
2910,186
2911,74
2912,192
2913,84
2914,37
2915,133
2916,52
2917,8
2918,155
2919,97
2920,27
2921,103
2922,21
2923,148
2924,113
2925,32
2926,112
2927,109
2928,34
2929,120
2930,32
2931,117
2932,146
2933,169
2934,181
2935,59
2936,188
2937,16
2938,184
2939,61
2940,101
2941,37
2942,193
2943,123
2944,40
2945,124
2946,94
2947,145
2948,101
2949,36
2950,62
2951,1
2952,62
2953,167
2954,95
2955,170
2956,177
2957,21
2958,150
2959,195
2960,80
2961,116
2962,119
2963,46
2964,78
2965,97
2966,167
2967,49
2968,141
2969,57
2970,138
2971,50
2972,126
2973,167
2974,12
2975,29
2976,26
2977,173
2978,161
2979,173
2980,89
2981,52
2982,76
2983,106
2984,184
2985,106
2986,50
2987,120
2988,81
2989,192
2990,29
2991,109
2992,58
2993,7
2994,175
2995,170
2996,65
2997,195
2998,129
2999,182
3000,11
3001,69
3002,19
3003,18
3004,40
3005,75
3006,162
3007,33
3008,31
3009,57
3010,53
3011,78
3012,162
3013,14
3014,136
3015,73
3016,178
3017,71
3018,83
3019,126
3020,96
3021,172
3022,178
3023,169
3024,55
3025,153
3026,113
3027,44
3028,24
3029,170
3030,142
3031,129
3032,97
3033,192
3034,121
3035,184
3036,169
3037,91
3038,24
3039,99
3040,121
3041,92
3042,15
3043,99
3044,147
3045,175
3046,116
3047,2
3048,36
3049,142
3050,62
3051,178
3052,115
3053,121
3054,55
3055,50
3056,149
3057,197
3058,50
3059,74
3060,158
3061,70
3062,150
3063,98
3064,135
3065,29
3066,142
3067,97
3068,21
3069,124
3070,27
3071,99
3072,135
3073,37
3074,112
3075,44
3076,170
3077,2
3078,85
3079,107
3080,131
3081,104
3082,124
3083,10
3084,168
3085,189
3086,125
3087,29
3088,115
3089,36
3090,82
3091,102
3092,92
3093,48
3094,131
3095,12
3096,66
3097,159
3098,133
3099,9
3100,77
3101,120
3102,113
3103,58
3104,42
3105,130
3106,132
3107,146
3108,12
3109,10
3110,153
3111,80
3112,103
3113,159
3114,138
3115,31
3116,167
3117,10
3118,131
3119,102
3120,121
3121,85
3122,36
3123,128
3124,195
3125,73
3126,5
3127,143
3128,112
3129,50
3130,52
3131,164
3132,71
3133,60
3134,90
3135,102
3136,3
3137,102
3138,36
3139,151
3140,61
3141,99
3142,122
3143,150
3144,34
3145,23
3146,140
3147,29
3148,113
3149,77
3150,150
3151,135
3152,31
3153,184
3154,18
3155,160
3156,18
3157,198
3158,107
3159,79
3160,154
3161,67
3162,103
3163,1
3164,173
3165,72
3166,20
3167,158
3168,101
3169,180
3170,44
3171,43
3172,200
3173,197
3174,153
3175,14
3176,25
3177,10
3178,200
3179,172
3180,64
3181,76
3182,125
3183,134
3184,45
3185,45
3186,181
3187,14
3188,106
3189,2
3190,16
3191,199
3192,180
3193,97
3194,93
3195,118
3196,140
3197,92
3198,6
3199,42
3200,18
3201,19
3202,195
3203,48
3204,167
3205,136
3206,40
3207,81
3208,165
3209,106
3210,159
3211,129
3212,38
3213,170
3214,29
3215,92
3216,172
3217,32
3218,92
3219,70
3220,182
3221,71
3222,127
3223,179
3224,78
3225,178
3226,156
3227,141
3228,190
3229,126
3230,163
3231,54
3232,38
3233,31
3234,138
3235,158
3236,153
3237,123
3238,28
3239,49
3240,45
3241,110
3242,65
3243,31
3244,88
3245,76
3246,148
3247,141
3248,147
3249,25
3250,69
3251,101
3252,22
3253,105
3254,156
3255,172
3256,154
3257,189
3258,134
3259,31
3260,153
3261,180
3262,54
3263,57
3264,119
3265,3
3266,60
3267,60
3268,157
3269,172
3270,88
3271,103
3272,25
3273,46
3274,81
3275,184
3276,116
3277,39
3278,111
3279,52
3280,140
3281,190
3282,189
3283,134
3284,21
3285,9
3286,150
3287,48
3288,187
3289,139
3290,149
3291,171
3292,59
3293,77
3294,29
3295,88
3296,63
3297,75
3298,98
3299,84
3300,100
3301,176
3302,60
3303,154
3304,152
3305,48
3306,151
3307,164
3308,66
3309,30
3310,50
3311,27
3312,45
3313,162
3314,83
3315,10
3316,60
3317,88
3318,25
3319,189
3320,70
3321,2
3322,44
3323,159
3324,56
3325,49
3326,165
3327,60
3328,33
3329,73
3330,7
3331,35
3332,26
3333,11
3334,93
3335,71
3336,166
3337,32
3338,181
3339,102
3340,117
3341,187
3342,199
3343,36
3344,159
3345,1
3346,76
3347,92
3348,148
3349,136
3350,50
3351,138
3352,41
3353,141
3354,72
3355,42
3356,156
3357,166
3358,92
3359,199
3360,41
3361,160
3362,141
3363,79
3364,55
3365,157
3366,133
3367,81
3368,91
3369,100
3370,7
3371,175
3372,68
3373,62
3374,200
3375,24
3376,67
3377,171
3378,173
3379,122
3380,10
3381,44
3382,179
3383,42
3384,141
3385,128
3386,197
3387,178
3388,42
3389,181
3390,43
3391,93
3392,184
3393,171
3394,33
3395,129
3396,38
3397,162
3398,9
3399,98
3400,80
3401,43
3402,145
3403,100
3404,127
3405,25
3406,175
3407,148
3408,154
3409,103
3410,78
3411,78
3412,106
3413,200
3414,18
3415,14
3416,141
3417,145
3418,190
3419,10
3420,79
3421,66
3422,171
3423,130
3424,19
3425,57
3426,146
3427,185
3428,67
3429,26
3430,46
3431,93
3432,108
3433,86
3434,74
3435,151
3436,147
3437,114
3438,66
3439,194
3440,147
3441,142
3442,95
3443,166
3444,141
3445,151
3446,35
3447,194
3448,91
3449,4
3450,41
3451,44
3452,148
3453,121
3454,123
3455,61
3456,91
3457,108
3458,175
3459,102
3460,60
3461,118
3462,184
3463,171
3464,13
3465,104
3466,80
3467,21
3468,176
3469,131
3470,179
3471,15
3472,78
3473,145
3474,104
3475,45
3476,153
3477,125
3478,133
3479,141
3480,196
3481,21
3482,116
3483,86
3484,133
3485,138
3486,189
3487,39
3488,117
3489,152
3490,99
3491,77
3492,183
3493,9
3494,107
3495,47
3496,89
3497,127
3498,95
3499,192
3500,198
3501,100
3502,157
3503,103
3504,194
3505,89
3506,127
3507,4
3508,173
3509,68
3510,21
3511,147
3512,179
3513,111
3514,144
3515,33
3516,151
3517,72
3518,37
3519,199
3520,20
3521,91
3522,167
3523,175
3524,157
3525,149
3526,114
3527,66
3528,102
3529,95
3530,54
3531,122
3532,175
3533,96
3534,63
3535,117
3536,186
3537,97
3538,103
3539,118
3540,125
3541,177
3542,140
3543,90
3544,195
3545,139
3546,24
3547,195
3548,123
3549,42
3550,24
3551,103
3552,12
3553,96
3554,191
3555,31
3556,70
3557,70
3558,200
3559,100
3560,22
3561,99
3562,186
3563,167
3564,114
3565,199
3566,100
3567,11
3568,114
3569,161
3570,126
3571,119
3572,198
3573,61
3574,65
3575,6
3576,149
3577,67
3578,131
3579,114
3580,32
3581,196
3582,70
3583,17
3584,100
3585,8
3586,2
3587,69
3588,199
3589,136
3590,56
3591,13
3592,127
3593,175
3594,149
3595,146
3596,58
3597,144
3598,176
3599,166
3600,136
3601,8
3602,178
3603,182
3604,5
3605,134
3606,184
3607,48
3608,190
3609,165
3610,61
3611,19
3612,28
3613,162
3614,95
3615,131
3616,10
3617,181
3618,1
3619,75
3620,7
3621,98
3622,98
3623,155
3624,8
3625,55
3626,124
3627,106
3628,122
3629,22
3630,55
3631,77
3632,196
3633,140
3634,152
3635,188
3636,112
3637,20
3638,128
3639,104
3640,80
3641,78
3642,104
3643,173
3644,175
3645,180
3646,48
3647,93
3648,52
3649,185
3650,100
3651,94
3652,61
3653,24
3654,177
3655,84
3656,55
3657,12
3658,141
3659,163
3660,76
3661,45
3662,75
3663,160
3664,94
3665,89
3666,4
3667,88
3668,130
3669,125
3670,17
3671,118
3672,117
3673,57
3674,47
3675,98
3676,1
3677,50
3678,77
3679,84
3680,157
3681,129
3682,132
3683,155
3684,73
3685,182
3686,89
3687,156
3688,88
3689,199
3690,180
3691,31
3692,25
3693,88
3694,24
3695,45
3696,169
3697,103
3698,121
3699,15
3700,82
3701,21
3702,5
3703,194
3704,144
3705,140
3706,60
3707,53
3708,139
3709,114
3710,55
3711,99
3712,71
3713,185
3714,18
3715,138
3716,124
3717,82
3718,95
3719,29
3720,140
3721,146
3722,155
3723,20
3724,105
3725,26
3726,134
3727,88
3728,16
3729,52
3730,194
3731,91
3732,99
3733,37
3734,48
3735,174
3736,153
3737,168
3738,197
3739,185
3740,155
3741,193
3742,145
3743,188
3744,104
3745,141
3746,25
3747,164
3748,11
3749,186
3750,63
3751,106
3752,127
3753,69
3754,136
3755,120
3756,118
3757,113
3758,79
3759,99
3760,104
3761,140
3762,135
3763,146
3764,198
3765,87
3766,164
3767,25
3768,114
3769,145
3770,146
3771,79
3772,123
3773,1
3774,117
3775,68
3776,81
3777,136
3778,35
3779,177
3780,19
3781,1
3782,124
3783,79
3784,179
3785,160
3786,15
3787,48
3788,76
3789,14
3790,67
3791,11
3792,141
3793,64
3794,140
3795,110
3796,133
3797,183
3798,112
3799,46
3800,49
3801,160
3802,63
3803,104
3804,187
3805,112
3806,90
3807,124
3808,25
3809,40
3810,26
3811,157
3812,69
3813,127
3814,77
3815,82
3816,144
3817,161
3818,186
3819,17
3820,40
3821,169
3822,143
3823,72
3824,112
3825,112
3826,95
3827,165
3828,168
3829,133
3830,169
3831,179
3832,156
3833,63
3834,11
3835,111
3836,144
3837,110
3838,95
3839,120
3840,74
3841,90
3842,165
3843,91
3844,1
3845,93
3846,177
3847,24
3848,7
3849,199
3850,146
3851,163
3852,170
3853,190
3854,139
3855,64
3856,96
3857,52
3858,61
3859,141
3860,129
3861,182
3862,162
3863,154
3864,105
3865,130
3866,55
3867,77
3868,36
3869,3
3870,45
3871,160
3872,184
3873,126
3874,177
3875,180
3876,61
3877,194
3878,54
3879,165
3880,119
3881,102
3882,53
3883,143
3884,88
3885,166
3886,13
3887,83
3888,195
3889,136
3890,132
3891,154
3892,72
3893,47
3894,96
3895,195
3896,109
3897,50
3898,64
3899,200
3900,8
3901,192
3902,184
3903,65
3904,65
3905,35
3906,22
3907,129
3908,157
3909,1
3910,107
3911,77
3912,32
3913,3
3914,56
3915,14
3916,104
3917,22
3918,176
3919,182
3920,166
3921,86
3922,113
3923,44
3924,145
3925,22
3926,72
3927,123
3928,16
3929,155
3930,4
3931,25
3932,74
3933,183
3934,148
3935,97
3936,28
3937,88
3938,91
3939,158
3940,47
3941,66
3942,136
3943,161
3944,75
3945,47
3946,86
3947,39
3948,118
3949,175
3950,133
3951,130
3952,102
3953,91
3954,147
3955,185
3956,2
3957,9
3958,53
3959,160
3960,183
3961,103
3962,133
3963,26
3964,95
3965,162
3966,123
3967,144
3968,88
3969,177
3970,122
3971,86
3972,73
3973,36
3974,187
3975,170
3976,127
3977,48
3978,17
3979,159
3980,115
3981,16
3982,1
3983,186
3984,17
3985,7
3986,55
3987,68
3988,153
3989,2
3990,21
3991,33
3992,198
3993,169
3994,196
3995,129
3996,160
3997,96
3998,135
3999,62
4000,111
